id,store,title,provider_product_id,new_provider_product_id,product_url,image_url
b378c96c-6eb6-4590-b2c6-f99067fd7b14,asda,ASDA basil 20g,https://www.asda.com/groceries/product/scratch-cook-vegetables/asda-chopped-basil-75g/7713721,,https://www.asda.com/groceries/product/scratch-cook-vegetables/asda-chopped-basil-75g/7713721,
874b52cb-5dda-4c80-8272-c85f5e59dd57,asda,ASDA beef 500g,https://www.asda.com/groceries/product/beef-mince-meatballs/asda-flavourful-lean-beef-steak-mince-500g/5391423,,https://www.asda.com/groceries/product/beef-mince-meatballs/asda-flavourful-lean-beef-steak-mince-500g/5391423,
288bb75b-0d63-412b-9801-46a6d3791779,asda,ASDA bell pepper,https://www.asda.com/groceries/product/tomatoes-peppers/asda-loose-red-pepper/1857059,,https://www.asda.com/groceries/product/tomatoes-peppers/asda-loose-red-pepper/1857059,
11840e15-56ff-4a43-8519-92007fa6c492,asda,ASDA black pepper 100ml,https://www.asda.com/groceries/product/spices/laila-ground-black-pepper-100g/9283717,,https://www.asda.com/groceries/product/spices/laila-ground-black-pepper-100g/9283717,
ea9c8546-fd89-4793-9a5a-36c7d71d50dd,asda,ASDA bread,https://www.asda.com/groceries/product/white-bread/the-bakery-at-asda-the-bakery-soft-white-medium-sliced-800g/5718174,,https://www.asda.com/groceries/product/white-bread/the-bakery-at-asda-the-bakery-soft-white-medium-sliced-800g/5718174,
ca79933c-dea2-4773-8583-1e4ea1221b1c,asda,ASDA broccoli 200g,https://www.asda.com/groceries/product/broccoli-cauliflower/exceptional-by-asda-british-purple-sprouting-broccoli-200g/9259381,,https://www.asda.com/groceries/product/broccoli-cauliflower/exceptional-by-asda-british-purple-sprouting-broccoli-200g/9259381,
a4d33ba6-ce20-4e34-acab-84f22bcdd8bc,asda,ASDA butter 100g,https://www.asda.com/groceries/product/spreadable-butter/golden-cow-100-butter-227g/7202169,,https://www.asda.com/groceries/product/spreadable-butter/golden-cow-100-butter-227g/7202169,
b37cc66c-f02f-459f-9f77-c7c1e6d8d71c,asda,ASDA Cherry Tomatoes 250g,https://www.asda.com/groceries/product/tomatoes-peppers/just-essentials-by-asda-just-essentials-cherry-tomatoes-250g/5792191,,https://www.asda.com/groceries/product/tomatoes-peppers/just-essentials-by-asda-just-essentials-cherry-tomatoes-250g/5792191,
bb0f2654-7afa-4a9f-a696-a1bc0fdf6bfb,asda,ASDA Chicken Breast Fillets 600g,https://www.asda.com/groceries/product/frozen-breasts-portions-thighs-joints/asda-chicken-breast-fillets-600g/5832636,,https://www.asda.com/groceries/product/frozen-breasts-portions-thighs-joints/asda-chicken-breast-fillets-600g/5832636,
b3eda47f-c81f-4d39-938f-850f827ce308,asda,ASDA Chickpeas 400g,https://www.asda.com/groceries/product/tinned-pulses-lentils/asda-chickpeas-in-water-400g/5016063,,https://www.asda.com/groceries/product/tinned-pulses-lentils/asda-chickpeas-in-water-400g/5016063,
8db6b289-47da-41ab-8b25-2c46cf24be34,asda,ASDA Coconut Milk 400ml,https://www.asda.com/groceries/product/soy-sauce-fish-sauce/asda-coconut-milk-400ml/7738248,,https://www.asda.com/groceries/product/soy-sauce-fish-sauce/asda-coconut-milk-400ml/7738248,
79cfe5ac-3630-4aee-bb4e-84567e5da5e4,asda,ASDA cream 100g,https://www.asda.com/groceries/product/antiseptics-insect-bite-cream/savlon-antiseptic-cream-100g/6780637,,https://www.asda.com/groceries/product/antiseptics-insect-bite-cream/savlon-antiseptic-cream-100g/6780637,
75c5834f-f884-423c-abfc-1f43d33f5b35,asda,ASDA Cucumber,https://www.asda.com/groceries/product/lettuce-cucumber/asda-whole-cucumber/152446,,https://www.asda.com/groceries/product/lettuce-cucumber/asda-whole-cucumber/152446,
d08016b8-e477-4d77-86c2-f0216204b851,asda,ASDA cumin 100ml,https://www.asda.com/groceries/product/spices/laila-cumin-powder-100g/9282123,,https://www.asda.com/groceries/product/spices/laila-cumin-powder-100g/9282123,
c4f25c12-803c-43ac-8684-308c29a1c67f,asda,ASDA curry paste 15ml,https://www.asda.com/groceries/product/curry-pastes-coconut-milk/cook-by-asda-asda-balti-curry-paste-200g/5017664,,https://www.asda.com/groceries/product/curry-pastes-coconut-milk/cook-by-asda-asda-balti-curry-paste-200g/5017664,
17f82cc6-5d03-4b13-b874-1f593d341a30,asda,ASDA fish sauce 100ml,https://www.asda.com/groceries/product/crackers-dipping-sauces/blue-dragon-fish-sauce-150ml/6124298,,https://www.asda.com/groceries/product/crackers-dipping-sauces/blue-dragon-fish-sauce-150ml/6124298,
c5cdd7ba-3666-4fe1-a115-d6cc0cdb9fcd,asda,ASDA Free Range Eggs 12 pack,https://www.asda.com/groceries/product/free-range-eggs/asda-12-large-free-range-eggs/166781,,https://www.asda.com/groceries/product/free-range-eggs/asda-12-large-free-range-eggs/166781,
9cda2b1a-bd32-4c78-9229-bb40fff4031c,asda,ASDA garam masala 100ml,https://www.asda.com/groceries/product/spices/laila-garam-masala-100g/9283831,,https://www.asda.com/groceries/product/spices/laila-garam-masala-100g/9283831,
8094c4b5-aaa1-44ae-a566-a51d49c76d6e,asda,ASDA garlic,https://www.asda.com/groceries/product/scratch-cook-vegetables/taj-crushed-garlic-400g/1951213,,https://www.asda.com/groceries/product/scratch-cook-vegetables/taj-crushed-garlic-400g/1951213,
124686cc-1797-4144-9f45-ae8dd7951542,asda,ASDA ginger 100g,https://www.asda.com/groceries/product/spices/natco-ginger-powder-100g/9259861,,https://www.asda.com/groceries/product/spices/natco-ginger-powder-100g/9259861,
e063e59a-7e97-4757-a0e6-8b7e9a0a3965,asda,ASDA honey 100ml,https://www.asda.com/groceries/product/honey/asda-classic-runny-honey-454g/885997,,https://www.asda.com/groceries/product/honey/asda-classic-runny-honey-454g/885997,
f864b8ab-37e5-48bb-a35e-b73144e00da7,asda,ASDA Lemons 4 pack,https://www.asda.com/groceries/product/lemons-limes-grapefruit/exceptional-by-asda-4-lemongold-lemons/9280812,,https://www.asda.com/groceries/product/lemons-limes-grapefruit/exceptional-by-asda-4-lemongold-lemons/9280812,
599eac38-958f-404c-9264-8d7fe202d415,asda,ASDA lime,https://www.asda.com/groceries/product/indian-asian-cooking-ingredients/ktc-lime-juice-250ml/9014332,,https://www.asda.com/groceries/product/indian-asian-cooking-ingredients/ktc-lime-juice-250ml/9014332,
a04a6bc5-9967-43c5-b44e-c28a60b5cdbd,asda,ASDA Long Grain Rice 1kg,https://www.asda.com/groceries/product/long-grain-basmati-rice/just-essentials-by-asda-just-essentials-long-grain-rice-1kg/443428,,https://www.asda.com/groceries/product/long-grain-basmati-rice/just-essentials-by-asda-just-essentials-long-grain-rice-1kg/443428,
9ed53d10-e39a-4f4e-af2c-4cc3a8a4f4d0,asda,ASDA mushrooms 100g,https://www.asda.com/groceries/product/pate-spread/merry-mushroom-pate-100g/9294986,,https://www.asda.com/groceries/product/pate-spread/merry-mushroom-pate-100g/9294986,
229ba650-21b4-4dd7-a4b8-b24d3c210d40,asda,ASDA noodles 300g,https://www.asda.com/groceries/product/stir-fry/asda-soft-savoury-free-range-egg-noodles-300g/5996927,,https://www.asda.com/groceries/product/stir-fry/asda-soft-savoury-free-range-egg-noodles-300g/5996927,
3ede5f90-e8b5-46ce-8796-fc11a8fc79c8,asda,ASDA Olive Oil 500ml,https://www.asda.com/groceries/product/olive-oil/asda-extra-virgin-olive-oil-500ml/9019012,,https://www.asda.com/groceries/product/olive-oil/asda-extra-virgin-olive-oil-500ml/9019012,
26dfa551-0c25-4204-9269-21e19f8e943d,asda,ASDA pancetta 200g,https://www.asda.com/groceries/product/bacon/asda-diced-smoked-pancetta-2-x-80g-160g-/7452883,,https://www.asda.com/groceries/product/bacon/asda-diced-smoked-pancetta-2-x-80g-160g-/7452883,
a6a26c0b-d35f-4541-ad03-47825fb4d41d,asda,ASDA paprika 100ml,https://www.asda.com/groceries/product/indian-asian-cooking-ingredients/rajah-paprika-powder-100g/20675,,https://www.asda.com/groceries/product/indian-asian-cooking-ingredients/rajah-paprika-powder-100g/20675,
a9a56be8-df0c-45ac-a477-c438b150c95b,asda,ASDA parmesan 200g,https://www.asda.com/groceries/product/parmesan-hard-cheese/asda-parmigiano-reggiano-pdo-200g/9244260,,https://www.asda.com/groceries/product/parmesan-hard-cheese/asda-parmigiano-reggiano-pdo-200g/9244260,
e5a4ca24-701b-42f0-8c5b-8ea2d58e533d,asda,ASDA parsley 100g,https://www.asda.com/groceries/product/herbs/asda-delicate-peppery-growing-curly-parsley/381146,,https://www.asda.com/groceries/product/herbs/asda-delicate-peppery-growing-curly-parsley/381146,
70d68f17-7434-4e76-942e-4b224f4100f8,asda,ASDA Red Onions 1kg,https://www.asda.com/groceries/product/onions-leeks/asda-sweet-crunchy-red-onions-1kg/2704021,,https://www.asda.com/groceries/product/onions-leeks/asda-sweet-crunchy-red-onions-1kg/2704021,
c5924c34-c4ad-498a-ae37-53316788af7c,asda,ASDA salmon 100g,https://www.asda.com/groceries/product/smoked-salmon/exceptional-by-asda-mild-delicate-scottish-smoked-salmon-100g/9117740,,https://www.asda.com/groceries/product/smoked-salmon/exceptional-by-asda-mild-delicate-scottish-smoked-salmon-100g/9117740,
79a26455-2128-4b21-b7d6-ce6154477ba1,asda,ASDA soy sauce 15ml,https://www.asda.com/groceries/product/soy-sauce-fish-sauce/asda-light-soy-sauce-150ml/7734510,,https://www.asda.com/groceries/product/soy-sauce-fish-sauce/asda-light-soy-sauce-150ml/7734510,
11ee35c9-1a75-42af-bbe6-ed7b4d653b8b,asda,ASDA Spaghetti 500g,https://www.asda.com/groceries/product/spaghetti-tagliatelle/asda-spaghetti-500g/12943,,https://www.asda.com/groceries/product/spaghetti-tagliatelle/asda-spaghetti-500g/12943,
31cb5724-7d3e-45ee-870d-db01d5903799,asda,ASDA spinach 100g,https://www.asda.com/groceries/product/salad-bags/asda-mild-tender-baby-spinach-180g/5274313,,https://www.asda.com/groceries/product/salad-bags/asda-mild-tender-baby-spinach-180g/5274313,
ab133d9a-be54-40f5-9f01-3e4c221a4fd5,asda,ASDA spring onion,https://www.asda.com/groceries/product/celery-spring-onions/asda-fragrant-crunchy-spring-onions/1787074,,https://www.asda.com/groceries/product/celery-spring-onions/asda-fragrant-crunchy-spring-onions/1787074,
6bb369a3-899d-4753-ada1-06e8b90b78d7,asda,ASDA stock 100ml,https://www.asda.com/groceries/product/stock/oxo-oxo-beef-stock-cubes-24s-142g-/4052433,,https://www.asda.com/groceries/product/stock/oxo-oxo-beef-stock-cubes-24s-142g-/4052433,
b9ed3644-95d1-4c95-9c65-7c00ad1fa453,asda,ASDA tomatoes 100g,https://www.asda.com/groceries/product/tinned-tomatoes/napolina-chopped-tomatoes-with-garlic-400g/1473903,,https://www.asda.com/groceries/product/tinned-tomatoes/napolina-chopped-tomatoes-with-garlic-400g/1473903,
09eceda2-8cf0-41c6-835a-3311e1c298ff,asda,ASDA tortilla,https://www.asda.com/groceries/product/tapas-antipasti/asda-tortilla-500g/6697518,,https://www.asda.com/groceries/product/tapas-antipasti/asda-tortilla-500g/6697518,
98f6af2b-a134-41e4-bff3-3727a6226c6f,asda,ASDA wine 100ml,https://www.asda.com/groceries/product/513029,,https://www.asda.com/groceries/product/513029,
1ee192d6-b9f8-4292-ba2f-7c6d7ea67694,asda,Cathedral City Our Mature Cheddar Cheese 350g,https://www.asda.com/groceries/product/mature-cheese/cathedral-city-our-mature-cheddar-cheese-350g/3658568,,https://www.asda.com/groceries/product/mature-cheese/cathedral-city-our-mature-cheddar-cheese-350g/3658568,https://asdagroceries.scene7.com/is/image/asdagroceries/5000295142893_T1
826e3ca7-e51e-4d59-aa33-c8a2fca545a0,morrisons,Cathedral City Extra Mature Cheddar Cheese 350g,https://groceries.morrisons.com/products/cathedral-city-extra-mature-cheddar-cheese-350g/103128171,,https://groceries.morrisons.com/products/cathedral-city-extra-mature-cheddar-cheese-350g/103128171,https://groceries.morrisons.com/images-v3/4b85987b-1398-4173-a0c1-3546047c9d74/074d520d-4106-4369-b06c-2e50d4f36c31/1280x1280.webp
cce2e3bc-f096-4b78-bfdc-5db6ca51db78,morrisons,Morrisons basil 20g,https://groceries.morrisons.com/products/market-street-fresh-thai-basil-20g/114493384?srsltid=AfmBOoqZgS1aC78_Sv-kbSnB4HAmYFJqoUZaOH2I07mrRFkkve8-yyKg,,https://groceries.morrisons.com/products/market-street-fresh-thai-basil-20g/114493384?srsltid=AfmBOoqZgS1aC78_Sv-kbSnB4HAmYFJqoUZaOH2I07mrRFkkve8-yyKg,
9906e58f-6e37-463b-b80c-ca4449ca63de,morrisons,Morrisons beef 500g,https://groceries.morrisons.com/products/morrisons-british-beef-steak-mince-5-fat-500g/107778007?srsltid=AfmBOoot6H1QYIwLZzA9PT_QG_HkqntWP_LAcredGgsXp0ZRR2YXSUWA,,https://groceries.morrisons.com/products/morrisons-british-beef-steak-mince-5-fat-500g/107778007?srsltid=AfmBOoot6H1QYIwLZzA9PT_QG_HkqntWP_LAcredGgsXp0ZRR2YXSUWA,
a8073a3e-e0e9-43ca-9210-68348d3d094d,morrisons,Morrisons bell pepper,https://groceries.morrisons.com/products/morrisons-loose-red-pepper/108408403?srsltid=AfmBOorBPyNU2D22Pi8FlPfcLIFoGs-aslArfdsGstliVevAMVwjAKev,,https://groceries.morrisons.com/products/morrisons-loose-red-pepper/108408403?srsltid=AfmBOorBPyNU2D22Pi8FlPfcLIFoGs-aslArfdsGstliVevAMVwjAKev,
1c1aa94c-88d2-45e5-b3e6-f4077c805e6f,morrisons,Morrisons black pepper 100ml,https://groceries.morrisons.com/products/baylis-harding-black-pepper-ginseng-men-s-luxury-bath-kit-gift-set/115360663?srsltid=AfmBOoqGuYZTWvWbNczhf0nwXsIyFCtD7tj8g9W1j-mSQXejKW9NhtSO,,https://groceries.morrisons.com/products/baylis-harding-black-pepper-ginseng-men-s-luxury-bath-kit-gift-set/115360663?srsltid=AfmBOoqGuYZTWvWbNczhf0nwXsIyFCtD7tj8g9W1j-mSQXejKW9NhtSO,
03a64516-b6f7-4f00-bb56-1184267f61da,morrisons,Morrisons bread,https://groceries.morrisons.com/products/morrisons-medium-wholemeal-bread/105683021?srsltid=AfmBOoqaBgU-NP8qepi6wA-aJKPCPWL7gHSZux-l1xoe70PwvJMDONhO,,https://groceries.morrisons.com/products/morrisons-medium-wholemeal-bread/105683021?srsltid=AfmBOoqaBgU-NP8qepi6wA-aJKPCPWL7gHSZux-l1xoe70PwvJMDONhO,
d6db68c8-d1c2-41d2-b14e-ec09a11a3564,morrisons,Morrisons broccoli 200g,https://groceries.morrisons.com/products/morrisons-the-best-tenderstem-broccoli-200g/108599246?srsltid=AfmBOooJHg8-4wueQM2DFZEhQQK0q0-cmA6z8Pw4NteTo7heUHzC_D5u,,https://groceries.morrisons.com/products/morrisons-the-best-tenderstem-broccoli-200g/108599246?srsltid=AfmBOooJHg8-4wueQM2DFZEhQQK0q0-cmA6z8Pw4NteTo7heUHzC_D5u,
29a93cba-2913-48e7-a90a-bc38cb70ef9c,morrisons,Morrisons butter 100g,https://groceries.morrisons.com/products/anchor-unsalted-butter/113127366?srsltid=AfmBOopj2uSruaf7ZXgVPWOD3RLEsA_Qq-JzFcU2PFJDx5iDfkBxbWnA,,https://groceries.morrisons.com/products/anchor-unsalted-butter/113127366?srsltid=AfmBOopj2uSruaf7ZXgVPWOD3RLEsA_Qq-JzFcU2PFJDx5iDfkBxbWnA,
dd3b2e1d-8d6d-4ce8-82fd-e0626701cde5,morrisons,Morrisons Cherry Tomatoes 250g,https://groceries.morrisons.com/products/morrisons-sweet-vine-ripened-tomatoes-250g/108388490?srsltid=AfmBOopHaM8cbn5_SwSdgHH4wlNY5i71xftfqZnyXfGQMJRQRNoiBRa_,,https://groceries.morrisons.com/products/morrisons-sweet-vine-ripened-tomatoes-250g/108388490?srsltid=AfmBOopHaM8cbn5_SwSdgHH4wlNY5i71xftfqZnyXfGQMJRQRNoiBRa_,
7fe02848-3ea8-4743-8624-bab1b24f11f4,morrisons,Morrisons Chicken Breast Fillets 600g,https://groceries.morrisons.com/products/morrisons-british-diced-chicken-breast-fillets-600g/108186353?srsltid=AfmBOorQo6IliQcKWMGKgKZn3V_JhHPPiwPIn9vuuwtzshwjXt1AnrPe,,https://groceries.morrisons.com/products/morrisons-british-diced-chicken-breast-fillets-600g/108186353?srsltid=AfmBOorQo6IliQcKWMGKgKZn3V_JhHPPiwPIn9vuuwtzshwjXt1AnrPe,
5ca6a15b-3ee8-418f-9c0c-ad268eff5096,morrisons,Morrisons Chickpeas 400g,https://groceries.morrisons.com/products/morrisons-chickpeas-in-water-400g/110434045?srsltid=AfmBOopjNJLwGWZ_MpmNcOG1-bwvxGUOZr_xg7SeRe-rNnFHq9Gsv2s5,,https://groceries.morrisons.com/products/morrisons-chickpeas-in-water-400g/110434045?srsltid=AfmBOopjNJLwGWZ_MpmNcOG1-bwvxGUOZr_xg7SeRe-rNnFHq9Gsv2s5,
56956c29-c2d7-4be5-a0d4-4ac7bf8b6d6c,morrisons,Morrisons Coconut Milk 400ml,https://groceries.morrisons.com/products/morrisons-canned-coconut-milk-400-ml/106467080?srsltid=AfmBOorMRY2werHf3H450YcwoSPk10VHpQ3FB-YEY6zITRIRwAXKvEOi,,https://groceries.morrisons.com/products/morrisons-canned-coconut-milk-400-ml/106467080?srsltid=AfmBOorMRY2werHf3H450YcwoSPk10VHpQ3FB-YEY6zITRIRwAXKvEOi,
67fc43c3-1f27-4bc1-99eb-d086b068a364,morrisons,Morrisons cream 100g,https://groceries.morrisons.com/products/savlon-antiseptic-cream/100701891?srsltid=AfmBOorPe9B6wHSqSvNkSCljGA7S4Ie25KLlIcWLDce7ecZf87tcTAh5,,https://groceries.morrisons.com/products/savlon-antiseptic-cream/100701891?srsltid=AfmBOorPe9B6wHSqSvNkSCljGA7S4Ie25KLlIcWLDce7ecZf87tcTAh5,
f4b34e2c-a15a-47cc-9518-6e68e32eeae9,morrisons,Morrisons Cucumber,https://groceries.morrisons.com/products/morrisons-whole-cucumber/108413093?srsltid=AfmBOoq1L4Puupvgm-lUKmcszbGvjS-7cErJggBMx8_m7mcl2PuOTK2e,,https://groceries.morrisons.com/products/morrisons-whole-cucumber/108413093?srsltid=AfmBOoq1L4Puupvgm-lUKmcszbGvjS-7cErJggBMx8_m7mcl2PuOTK2e,
909714ed-9971-4ea5-9245-8aee7bb0b393,morrisons,Morrisons cumin 100ml,https://groceries.morrisons.com/products/mcdonnells-the-original-curry-sauce/111773891?srsltid=AfmBOorgTAmu8zmBCPGOcYi8vVBUJQ_GLglEugiiUujGXnuU27OC95uX,,https://groceries.morrisons.com/products/mcdonnells-the-original-curry-sauce/111773891?srsltid=AfmBOorgTAmu8zmBCPGOcYi8vVBUJQ_GLglEugiiUujGXnuU27OC95uX,
cb8859ea-d7d9-4b53-a58d-cfa0c02a44a5,morrisons,Morrisons curry paste 15ml,https://groceries.morrisons.com/products/morrisons-chinese-curry-cooking-sauce/111632393?srsltid=AfmBOooPhBxvMMCOiL2vH9KPcwpuXeYzBmelsbPCPH7_88SNl0XA2YL6,,https://groceries.morrisons.com/products/morrisons-chinese-curry-cooking-sauce/111632393?srsltid=AfmBOooPhBxvMMCOiL2vH9KPcwpuXeYzBmelsbPCPH7_88SNl0XA2YL6,
52e4d1de-d376-4e78-a261-2392dbecf282,morrisons,Morrisons fish sauce 100ml,https://groceries.morrisons.com/products/squid-brand-fish-sauce/108613669?srsltid=AfmBOoqesflMG0D9vz9sOdg4IzxwuevROVWs0Q6GPAbm4_P0NoWmmMss,,https://groceries.morrisons.com/products/squid-brand-fish-sauce/108613669?srsltid=AfmBOoqesflMG0D9vz9sOdg4IzxwuevROVWs0Q6GPAbm4_P0NoWmmMss,
ea5a5879-c6a4-440e-983a-e5535abb5a7d,morrisons,Morrisons Free Range Eggs 12 pack,https://groceries.morrisons.com/products/morrisons-medium-free-range-eggs-12-pack/110250449?srsltid=AfmBOooXSVzvI8Dv_vmXWTkBk_Wo9pHmkN28-P-diyayZPWIjR7-sryZ,,https://groceries.morrisons.com/products/morrisons-medium-free-range-eggs-12-pack/110250449?srsltid=AfmBOooXSVzvI8Dv_vmXWTkBk_Wo9pHmkN28-P-diyayZPWIjR7-sryZ,
dca331d5-8857-48e9-a605-8a016733fdcc,morrisons,Morrisons garam masala 100ml,https://groceries.morrisons.com/products/aagrah-tikka-masala-tarka-paste-270g/111512199?srsltid=AfmBOorEppdyfcny3Jlt8rxFQmSdRf6CqggsixW4CTTFDJN2cgOKvSjO,,https://groceries.morrisons.com/products/aagrah-tikka-masala-tarka-paste-270g/111512199?srsltid=AfmBOorEppdyfcny3Jlt8rxFQmSdRf6CqggsixW4CTTFDJN2cgOKvSjO,
ee339e91-d847-478d-a728-95328966c7d5,morrisons,Morrisons garlic,https://groceries.morrisons.com/products/morrisons-garlic/111467041?srsltid=AfmBOopL5DeKtu2Ery_DBzXNzlkawKPr_j4XIYSNSB3AiGUGo5-OlT5V,,https://groceries.morrisons.com/products/morrisons-garlic/111467041?srsltid=AfmBOopL5DeKtu2Ery_DBzXNzlkawKPr_j4XIYSNSB3AiGUGo5-OlT5V,
266ad3b6-1194-4221-a13c-bcc1132797ce,morrisons,Morrisons ginger 100g,https://groceries.morrisons.com/products/morrisons-chopped-ginger/113776307?srsltid=AfmBOoodlJjrweifZOaVACCAi1ml6lY_d3W2i5oddKK6WUnVPwqsy1TU,,https://groceries.morrisons.com/products/morrisons-chopped-ginger/113776307?srsltid=AfmBOoodlJjrweifZOaVACCAi1ml6lY_d3W2i5oddKK6WUnVPwqsy1TU,
95a61f47-30ee-47d5-a4b3-15f265fa17cc,morrisons,Morrisons honey 100ml,https://groceries.morrisons.com/products/nutmeg-home-reed-diffuser-lavender-honey-100ml/114220247?srsltid=AfmBOop9falIPe-gdF_37LggbhVfabiiIO8udEP6sP5bDuToX2U2Po2T,,https://groceries.morrisons.com/products/nutmeg-home-reed-diffuser-lavender-honey-100ml/114220247?srsltid=AfmBOop9falIPe-gdF_37LggbhVfabiiIO8udEP6sP5bDuToX2U2Po2T,
a6b63f77-a8f1-47fd-80bd-fcff2bcaa262,morrisons,Morrisons Lemons 4 pack,https://groceries.morrisons.com/products/morrisons-savers-lemons-4-pack/113742641?srsltid=AfmBOoqASmF7_DMYoSi5XMxwW5damwtIV-jg0hJB803w3C-XOm4h28Gp,,https://groceries.morrisons.com/products/morrisons-savers-lemons-4-pack/113742641?srsltid=AfmBOoqASmF7_DMYoSi5XMxwW5damwtIV-jg0hJB803w3C-XOm4h28Gp,
a36c43ac-9d65-40fa-95c6-9f8b47ee9816,morrisons,Morrisons lime,https://groceries.morrisons.com/products/morrisons-lime-juice/107446782?srsltid=AfmBOoqJ8zeVLLh6FTA5DdikzBdmvUcAu3H0helABwWJEIb3IbVaNp7g,,https://groceries.morrisons.com/products/morrisons-lime-juice/107446782?srsltid=AfmBOoqJ8zeVLLh6FTA5DdikzBdmvUcAu3H0helABwWJEIb3IbVaNp7g,
8c6f8715-7dee-43e9-99bb-1d8cc31780ff,morrisons,Morrisons Long Grain Rice 1kg,https://groceries.morrisons.com/products/morrisons-easy-cook-long-grain-rice/109748952?srsltid=AfmBOoo7c8yhhlAZorVgdu-uPUu8WqZn-s1FO4lvWjH5KgSRcBHHEHr1,,https://groceries.morrisons.com/products/morrisons-easy-cook-long-grain-rice/109748952?srsltid=AfmBOoo7c8yhhlAZorVgdu-uPUu8WqZn-s1FO4lvWjH5KgSRcBHHEHr1,
b45fe2db-d77d-4fad-b80f-294323c64429,morrisons,Morrisons mushrooms 100g,https://groceries.morrisons.com/products/morrisons-sliced-mushrooms/104894192?srsltid=AfmBOoqtQxxyqYlAPJmSacWHiiEMwAiWzFSthKtTWYFJxVZ2-AFjzo_n,,https://groceries.morrisons.com/products/morrisons-sliced-mushrooms/104894192?srsltid=AfmBOoqtQxxyqYlAPJmSacWHiiEMwAiWzFSthKtTWYFJxVZ2-AFjzo_n,
686a0578-58c2-403d-8c25-9c4c17f49f39,morrisons,Morrisons noodles 300g,https://groceries.morrisons.com/products/market-street-protein-noodles-300g/114463003?srsltid=AfmBOoophnPWRrAw5wZmDsLs57Vb_xbK7ISUdNDHJ6do7CSrxmVO0hud,,https://groceries.morrisons.com/products/market-street-protein-noodles-300g/114463003?srsltid=AfmBOoophnPWRrAw5wZmDsLs57Vb_xbK7ISUdNDHJ6do7CSrxmVO0hud,
c2f82ecd-81d8-4e7e-a7b4-1b9c936ba7b3,morrisons,Morrisons Olive Oil 500ml,https://groceries.morrisons.com/products/morrisons-organic-extra-virgin-olive-oil-500ml/114928190?srsltid=AfmBOop7FIwv-aJArxtAuHEAAsz3v1h7eb01XHuADJ_GAdLvXZmvf-8f,,https://groceries.morrisons.com/products/morrisons-organic-extra-virgin-olive-oil-500ml/114928190?srsltid=AfmBOop7FIwv-aJArxtAuHEAAsz3v1h7eb01XHuADJ_GAdLvXZmvf-8f,
5f761dd1-4c9b-484b-95da-c48c7945f490,morrisons,Morrisons pancetta 200g,https://groceries.morrisons.com/products/napolina-macaroni/113780550?srsltid=AfmBOoovg8ZQt4neoEc8q7iQvRz5eR0D0nez6w8CXWRlAVhlYsboIHJU,,https://groceries.morrisons.com/products/napolina-macaroni/113780550?srsltid=AfmBOoovg8ZQt4neoEc8q7iQvRz5eR0D0nez6w8CXWRlAVhlYsboIHJU,
455c002a-0c66-43b1-b431-8636af35088e,morrisons,Morrisons paprika 100ml,https://groceries.morrisons.com/products/morrisons-taco-meal-kit-313g/115101629?srsltid=AfmBOorVRE2vwXClhFMJRKcuxgU6RFAjgmGTpOGNty4KqvwtUlMPhcem,,https://groceries.morrisons.com/products/morrisons-taco-meal-kit-313g/115101629?srsltid=AfmBOorVRE2vwXClhFMJRKcuxgU6RFAjgmGTpOGNty4KqvwtUlMPhcem,
4bc8cc2d-52e3-4adc-96e5-099574e15b16,morrisons,Morrisons parmesan 200g,https://groceries.morrisons.com/products/rough-cut-parmigiano-reggiano-parmesan-200g/115178571?srsltid=AfmBOoo4pR0lhLWzAt-SO0qpb0JeU6dGrCueTLePWHkoPNXsz_-cMCiU,,https://groceries.morrisons.com/products/rough-cut-parmigiano-reggiano-parmesan-200g/115178571?srsltid=AfmBOoo4pR0lhLWzAt-SO0qpb0JeU6dGrCueTLePWHkoPNXsz_-cMCiU,
1fcee1ff-882f-4261-b6b3-e34bf9b0f3a6,morrisons,Morrisons parsley 100g,https://groceries.morrisons.com/products/morrisons-flat-leaf-parsley-100g/108429378?srsltid=AfmBOorf12UMF3kwaFYZzo_U0IKFZIVB973reqCkcxfVlpg7XQBmv6_K,,https://groceries.morrisons.com/products/morrisons-flat-leaf-parsley-100g/108429378?srsltid=AfmBOorf12UMF3kwaFYZzo_U0IKFZIVB973reqCkcxfVlpg7XQBmv6_K,
4e1d8b55-af48-4926-8d0c-e6c4aca6fb99,morrisons,Morrisons Red Onions 1kg,https://groceries.morrisons.com/products/morrisons-red-onions-1kg/108462418?srsltid=AfmBOorSaz10TrPFtWilm7Z0wEO8BZjBmgA7_-OHRyfQqn6XqPaP3fK6,,https://groceries.morrisons.com/products/morrisons-red-onions-1kg/108462418?srsltid=AfmBOorSaz10TrPFtWilm7Z0wEO8BZjBmgA7_-OHRyfQqn6XqPaP3fK6,
310eb5b7-54cc-4fbc-beec-34f20cfc333a,morrisons,Morrisons salmon 100g,https://groceries.morrisons.com/products/market-street-salmon-portion/114071464?srsltid=AfmBOors0dGtUS-WfwYQasWsDXCuLGUg1WtIeC3fKaEBP-kFLm-ASlSj,,https://groceries.morrisons.com/products/market-street-salmon-portion/114071464?srsltid=AfmBOors0dGtUS-WfwYQasWsDXCuLGUg1WtIeC3fKaEBP-kFLm-ASlSj,
d87221d6-c06c-42d3-ab6e-3de4fc1f8fb1,morrisons,Morrisons soy sauce 15ml,https://groceries.morrisons.com/products/morrisons-teriyaki-sauce-150ml/115015122?srsltid=AfmBOort_mlqvyxKsKBsRA0cyf6O4ntDjs4CBDXIBMA0ayFcKYv1nrld,,https://groceries.morrisons.com/products/morrisons-teriyaki-sauce-150ml/115015122?srsltid=AfmBOort_mlqvyxKsKBsRA0cyf6O4ntDjs4CBDXIBMA0ayFcKYv1nrld,
15dfffe2-ed80-479e-8427-bda9698acb47,morrisons,Morrisons Spaghetti 500g,https://groceries.morrisons.com/products/morrisons-spaghetti-500g/104794141?srsltid=AfmBOooVRkXn2yYJhX-BSPFtczeUMCw1Y1LBDf_Xl5osPa6pOL3-yx0Y,,https://groceries.morrisons.com/products/morrisons-spaghetti-500g/104794141?srsltid=AfmBOooVRkXn2yYJhX-BSPFtczeUMCw1Y1LBDf_Xl5osPa6pOL3-yx0Y,
ca28e7f0-eac6-4a09-aeb3-b102f583e3e6,morrisons,Morrisons spinach 100g,https://groceries.morrisons.com/products/morrisons-organic-baby-spinach-100g/112846633?srsltid=AfmBOoooa95yGcqSLY7W0NEtUS6D2a_veF24mBg-m9YNsgJ-YE2Rq1DC,,https://groceries.morrisons.com/products/morrisons-organic-baby-spinach-100g/112846633?srsltid=AfmBOoooa95yGcqSLY7W0NEtUS6D2a_veF24mBg-m9YNsgJ-YE2Rq1DC,
f8ffb122-3333-4206-aded-ac0fb78d6e9b,morrisons,Morrisons spring onion,https://groceries.morrisons.com/products/golden-wonder-spring-onion/111837719?srsltid=AfmBOoqF4BecdP-if5rzr19mLQIqG40eB-pBCA_Vw9x3SP-jd_Pc7bvx,,https://groceries.morrisons.com/products/golden-wonder-spring-onion/111837719?srsltid=AfmBOoqF4BecdP-if5rzr19mLQIqG40eB-pBCA_Vw9x3SP-jd_Pc7bvx,
3e953c11-0e59-4f15-ae4e-7241a576d038,morrisons,Morrisons stock 100ml,https://groceries.morrisons.com/products/morrisons-beef-stock-pot/110200732?srsltid=AfmBOoo6HJlOByxT6cFhbe3-IDZwc2rntLJxoCphdGMLOuURoJ2cCo9X,,https://groceries.morrisons.com/products/morrisons-beef-stock-pot/110200732?srsltid=AfmBOoo6HJlOByxT6cFhbe3-IDZwc2rntLJxoCphdGMLOuURoJ2cCo9X,
d4388391-9437-405b-af47-61d4645d6b00,morrisons,Morrisons tomatoes 100g,https://groceries.morrisons.com/products/morrisons-chopped-tomatoes-with-garlic-chilli-390g/105397690?srsltid=AfmBOoqkFiKxF1L7qDC9NVv15_QVDR6FJSISmxCFcVRvBz8ywH4Z0Dnt,,https://groceries.morrisons.com/products/morrisons-chopped-tomatoes-with-garlic-chilli-390g/105397690?srsltid=AfmBOoqkFiKxF1L7qDC9NVv15_QVDR6FJSISmxCFcVRvBz8ywH4Z0Dnt,
67f2c470-11df-4b81-9b28-ddb1b98809b3,morrisons,Morrisons tortilla,https://groceries.morrisons.com/products/old-el-paso-gluten-free-10-white-corn-tortilla-wraps-208g/111854236?srsltid=AfmBOorUM9DaA4Ju-YSeSvj6xrFq6K-nYxb1KK9fO0Rrf_oWU4qs_lwn,,https://groceries.morrisons.com/products/old-el-paso-gluten-free-10-white-corn-tortilla-wraps-208g/111854236?srsltid=AfmBOorUM9DaA4Ju-YSeSvj6xrFq6K-nYxb1KK9fO0Rrf_oWU4qs_lwn,
c6a51249-238e-4dfb-8260-91b87a3e1d07,morrisons,Morrisons wine 100ml,https://groceries.morrisons.com/products/mud-house-chile-sauvignon-blanc-rose-wine/112539810?srsltid=AfmBOoobCAuQQ3s8Mz457ms5f6pfKCyXBsz9PaNvoOv-AqTD8dxSln1W,,https://groceries.morrisons.com/products/mud-house-chile-sauvignon-blanc-rose-wine/112539810?srsltid=AfmBOoobCAuQQ3s8Mz457ms5f6pfKCyXBsz9PaNvoOv-AqTD8dxSln1W,
5d48c59d-e7fb-48d3-a77e-bf8ebd7dfcfc,sainsburys,Sainsbury's basil 20g,https://www.sainsburys.co.uk/gol-ui/product/sainsburys-thai-basil-20g,,https://www.sainsburys.co.uk/gol-ui/product/sainsburys-thai-basil-20g,
96e1eb22-7e06-4520-99a9-88ace9ffd781,sainsburys,Sainsbury's beef 500g,https://www.sainsburys.co.uk/gol-ui/product/sainsburys-beef-mince-5-fat-500g,,https://www.sainsburys.co.uk/gol-ui/product/sainsburys-beef-mince-5-fat-500g,
4d34354b-d02e-4cd1-ab56-54610767cc48,sainsburys,Sainsbury's bell pepper,https://www.sainsburys.co.uk/gol-ui/product/sainsburys-red-pepper,,https://www.sainsburys.co.uk/gol-ui/product/sainsburys-red-pepper,
eb4b90e2-9a90-483f-bc85-3618d2c48ac5,sainsburys,Sainsbury's black pepper 100ml,https://www.sainsburys.co.uk/gol-ui/product/santa-maria-extra-fine-selection-of-spices-tellicherry-black-pepper,,https://www.sainsburys.co.uk/gol-ui/product/santa-maria-extra-fine-selection-of-spices-tellicherry-black-pepper,
9c847c74-9d26-4b89-9b4c-63a019dc27ae,sainsburys,Sainsbury's bread,https://www.sainsburys.co.uk/gol-ui/product/sainsburys-wholemeal-bread--medium-sliced-800g,,https://www.sainsburys.co.uk/gol-ui/product/sainsburys-wholemeal-bread--medium-sliced-800g,
b55ae071-bfba-4767-91a0-9595cc526b42,sainsburys,Sainsbury's broccoli 200g,https://www.sainsburys.co.uk/gol-ui/product/sainsburys-tenderstem-broccoli-200g,,https://www.sainsburys.co.uk/gol-ui/product/sainsburys-tenderstem-broccoli-200g,
bea0504d-f516-4b21-b0ba-1fe360804fde,sainsburys,Sainsbury's butter 100g,https://www.sainsburys.co.uk/gol-ui/product/sainsburys-english-butter--salted-250g,,https://www.sainsburys.co.uk/gol-ui/product/sainsburys-english-butter--salted-250g,
5f6392e4-bef2-46fd-a6dd-6ad50aa14048,sainsburys,Sainsbury's Cathedral City Mature Cheddar Cheese 350 G,https://www.sainsburys.co.uk/gol-ui/product/cathedral-city-mature-350g,,https://www.sainsburys.co.uk/gol-ui/product/cathedral-city-mature-350g,
1a6c8d90-e5b8-4454-a54c-dc3153042e72,sainsburys,Sainsbury's Cherry Tomatoes 250g,https://www.sainsburys.co.uk/gol-ui/product/sainsburys-vittoria-tomatoes--taste-the-difference-250g,,https://www.sainsburys.co.uk/gol-ui/product/sainsburys-vittoria-tomatoes--taste-the-difference-250g,
5e0e65bc-c693-43eb-91fc-bf82ca88223a,sainsburys,Sainsbury's Chicken Breast 600g,https://www.sainsburys.co.uk/gol-ui/product/sainsburys-whole-chicken-breast-fillets-640g,,https://www.sainsburys.co.uk/gol-ui/product/sainsburys-whole-chicken-breast-fillets-640g,
0b0db649-82c2-414b-a1fe-963ae67aeead,sainsburys,Sainsbury's Chickpeas 400g,https://www.sainsburys.co.uk/gol-ui/product/sainsburys-chick-peas-in-water-410g,,https://www.sainsburys.co.uk/gol-ui/product/sainsburys-chick-peas-in-water-410g,
21db6446-4c9c-4f49-be60-737b74df77ab,sainsburys,Sainsbury's Coconut Milk 400ml,https://www.sainsburys.co.uk/gol-ui/product/ktc-coconut-milk-400ml,,https://www.sainsburys.co.uk/gol-ui/product/ktc-coconut-milk-400ml,
55560e7c-c8a8-4ee2-a58a-af5f9a40cb2f,sainsburys,Sainsbury's cream 100g,https://www.sainsburys.co.uk/gol-ui/product/eurax-cream-100g,,https://www.sainsburys.co.uk/gol-ui/product/eurax-cream-100g,
0cfc4aca-75c8-437f-9f9a-bccc8aa23952,sainsburys,Sainsbury's Cucumber,https://www.sainsburys.co.uk/gol-ui/product/sainsburys-cucumber-organic,,https://www.sainsburys.co.uk/gol-ui/product/sainsburys-cucumber-organic,
ca5298c0-4502-4ec2-8649-aa2c3e90e978,sainsburys,Sainsbury's cumin 100ml,https://www.sainsburys.co.uk/gol-ui/product/sainsburys-ground-cumin-120g,,https://www.sainsburys.co.uk/gol-ui/product/sainsburys-ground-cumin-120g,
1022bf75-afdf-4c0a-b957-55abdc8c6628,sainsburys,Sainsbury's curry paste 15ml,https://www.sainsburys.co.uk/gol-ui/product/sainsburys-fragrant-tikka-curry-paste-200g,,https://www.sainsburys.co.uk/gol-ui/product/sainsburys-fragrant-tikka-curry-paste-200g,
90edc80e-c0de-4f76-a1a0-51613d125552,sainsburys,Sainsbury's Eggs 12 pack,https://www.sainsburys.co.uk/gol-ui/product/sainsburys-free-range-large-eggs-x12,,https://www.sainsburys.co.uk/gol-ui/product/sainsburys-free-range-large-eggs-x12,
359ad03c-bf4c-4ff5-b9ea-0753f00a617e,sainsburys,Sainsbury's fish sauce 100ml,https://www.sainsburys.co.uk/gol-ui/product/squid-brand-fish-sauce-725ml,,https://www.sainsburys.co.uk/gol-ui/product/squid-brand-fish-sauce-725ml,
4457770d-4019-4560-8ecd-14f8fde91dd6,sainsburys,Sainsbury's garam masala 100ml,https://www.sainsburys.co.uk/gol-ui/product/sainsburys-ground-ginger-38g,,https://www.sainsburys.co.uk/gol-ui/product/sainsburys-ground-ginger-38g,
3d14747d-5dc3-4ffd-9373-eca90197809e,sainsburys,Sainsbury's garlic,https://www.sainsburys.co.uk/gol-ui/product/sainsburys-garlic--large-single,,https://www.sainsburys.co.uk/gol-ui/product/sainsburys-garlic--large-single,
e063111a-b5a0-4e31-86a5-41a98ae40b64,sainsburys,Sainsbury's ginger 100g,https://www.sainsburys.co.uk/gol-ui/product/sainsburys-ginger-100g,,https://www.sainsburys.co.uk/gol-ui/product/sainsburys-ginger-100g,
239eb9fd-504e-4439-a486-28bce047427f,sainsburys,Sainsbury's honey 100ml,https://www.sainsburys.co.uk/gol-ui/product/rowse-original-squeezy-honey-680g,,https://www.sainsburys.co.uk/gol-ui/product/rowse-original-squeezy-honey-680g,
00906ecc-52d3-495c-8fb0-6c5d7c4eb1ca,sainsburys,Sainsbury's Lemons 4 pack,https://www.sainsburys.co.uk/gol-ui/product/sainsburys-lemons,,https://www.sainsburys.co.uk/gol-ui/product/sainsburys-lemons,
703a10f9-2a2f-4361-9b0f-c5b316a8e482,sainsburys,Sainsbury's lime,https://www.sainsburys.co.uk/gol-ui/product/sainsburys-limes,,https://www.sainsburys.co.uk/gol-ui/product/sainsburys-limes,
9c0818e6-8c08-4a57-ba3c-b4cf4bfc3b40,sainsburys,Sainsbury's Long Grain Rice 1kg,https://www.sainsburys.co.uk/gol-ui/product/sainsburys-long-grain-rice-1kg-7690829-p-44,,https://www.sainsburys.co.uk/gol-ui/product/sainsburys-long-grain-rice-1kg-7690829-p-44,
72d99714-f488-40a8-aae3-2a5f1c12a837,sainsburys,Sainsbury's mushrooms 100g,https://www.sainsburys.co.uk/gol-ui/product/sainsburys-closed-cup-white-mushrooms-loose,,https://www.sainsburys.co.uk/gol-ui/product/sainsburys-closed-cup-white-mushrooms-loose,
e890c133-1391-4a5a-9b6f-befe16169420,sainsburys,Sainsbury's noodles 300g,https://www.sainsburys.co.uk/gol-ui/product/sainsburys-egg-noodles-300g,,https://www.sainsburys.co.uk/gol-ui/product/sainsburys-egg-noodles-300g,
61c43016-92f1-43e8-aab2-99bfe759bb7b,sainsburys,Sainsbury's Olive Oil 500ml,https://www.sainsburys.co.uk/gol-ui/product/sainsburys-olive-oil-500ml,,https://www.sainsburys.co.uk/gol-ui/product/sainsburys-olive-oil-500ml,
a8d6d68c-7f44-47ac-9f25-78121d58e103,sainsburys,Sainsbury's pancetta 200g,https://www.sainsburys.co.uk/gol-ui/product/sainsburys-italian-cubetti-di-pancetta-206g,,https://www.sainsburys.co.uk/gol-ui/product/sainsburys-italian-cubetti-di-pancetta-206g,
1fe24636-76a2-40a0-b3e2-d3eca2b338e6,sainsburys,Sainsbury's paprika 100ml,https://www.sainsburys.co.uk/gol-ui/product/prymat-sweet-paprika-20g,,https://www.sainsburys.co.uk/gol-ui/product/prymat-sweet-paprika-20g,
8626bacf-8882-4b98-b9d0-7f348e2745c8,sainsburys,Sainsbury's parmesan 200g,https://www.sainsburys.co.uk/gol-ui/product/sainsburys-parmigiano-reggiano-200g,,https://www.sainsburys.co.uk/gol-ui/product/sainsburys-parmigiano-reggiano-200g,
a74fb246-7ce7-4a75-b734-4cdd8241a312,sainsburys,Sainsbury's parsley 100g,https://www.sainsburys.co.uk/gol-ui/product/sainsburys-fresh-flat-leaf-parsley-100g,,https://www.sainsburys.co.uk/gol-ui/product/sainsburys-fresh-flat-leaf-parsley-100g,
3cdd9adb-2073-4a7c-8f5b-00af2e18d998,sainsburys,Sainsbury's Red Onions 1kg,https://www.sainsburys.co.uk/gol-ui/product/sainsburys-red-onions-1kg,,https://www.sainsburys.co.uk/gol-ui/product/sainsburys-red-onions-1kg,
3a02a6ae-2221-4880-9b72-47c2c562782e,sainsburys,Sainsbury's salmon 100g,https://www.sainsburys.co.uk/gol-ui/product/sainsburys-mild-smoked-salmon-100g,,https://www.sainsburys.co.uk/gol-ui/product/sainsburys-mild-smoked-salmon-100g,
7a71e23c-d1cc-4409-a938-f128e4bbfbd1,sainsburys,Sainsbury's soy sauce 15ml,https://www.sainsburys.co.uk/gol-ui/product/blue-dragon-light-soy-sauce-150ml,,https://www.sainsburys.co.uk/gol-ui/product/blue-dragon-light-soy-sauce-150ml,
73ba4ec6-db67-401f-a4a6-a99e98dc2bbe,sainsburys,Sainsbury's Spaghetti 500g,https://www.sainsburys.co.uk/gol-ui/product/sainsburys-spaghetti-500g,,https://www.sainsburys.co.uk/gol-ui/product/sainsburys-spaghetti-500g,
ca243c84-cf06-40f4-a13e-68156426d7b5,sainsburys,Sainsbury's spinach 100g,https://www.sainsburys.co.uk/gol-ui/product/so-spinach-organic-100g,,https://www.sainsburys.co.uk/gol-ui/product/so-spinach-organic-100g,
1c6e9a40-7367-40bc-98a8-86f90d15bef3,sainsburys,Sainsbury's spring onion,https://www.sainsburys.co.uk/gol-ui/product/sainsburys-spring-onions-bunch-100g,,https://www.sainsburys.co.uk/gol-ui/product/sainsburys-spring-onions-bunch-100g,
45cd1e00-d12c-43c3-a2a9-b72b268b3f8b,sainsburys,Sainsbury's stock 100ml,https://www.sainsburys.co.uk/gol-ui/product/oxo-stock-cubes--vegetable-x12-71g,,https://www.sainsburys.co.uk/gol-ui/product/oxo-stock-cubes--vegetable-x12-71g,
95884d34-76db-4897-8a29-dfd467e633fb,sainsburys,Sainsbury's tomatoes 100g,https://www.sainsburys.co.uk/gol-ui/product/sainsburys-sundried-tomatoes-inspired-to-cook-100g,,https://www.sainsburys.co.uk/gol-ui/product/sainsburys-sundried-tomatoes-inspired-to-cook-100g,
dce259b0-f62d-4b09-a56f-7a3d1030a294,sainsburys,Sainsbury's tortilla,https://www.sainsburys.co.uk/gol-ui/product/sainsburys-plain-flour-tortillas-320g,,https://www.sainsburys.co.uk/gol-ui/product/sainsburys-plain-flour-tortillas-320g,
45ecbabd-d43b-4bb5-a955-cbf625349a43,sainsburys,Sainsbury's wine 100ml,https://www.sainsburys.co.uk/gol-ui/product/sainsburys-house-malbec-187cl,,https://www.sainsburys.co.uk/gol-ui/product/sainsburys-house-malbec-187cl,
93ae432c-9a32-404d-9bb7-28df0740657a,tesco,Cathedral City Mature Cheddar Cheese 350 G,https://www.tesco.com/groceries/en-GB/products/268768873,,https://www.tesco.com/groceries/en-GB/products/268768873,https://digitalcontent.api.tesco.com/v2/media/ghs/020b73bb-fb75-45d6-aced-00bd39f357b1/7d8f014f-d9fa-4df0-92ab-922dea766b5e.jpeg?h=225&w=225
1bb7360d-458f-4941-a8dd-f6856850ab66,tesco,Tesco basil 20g,https://www.tesco.com/groceries/en-GB/products/322050655,,https://www.tesco.com/groceries/en-GB/products/322050655,
41e5b01b-cbca-4a58-8828-fa7fa04aea2e,tesco,Tesco beef 500g,https://www.tesco.com/groceries/en-GB/products/250871426,,https://www.tesco.com/groceries/en-GB/products/250871426,
edb46e3a-6f99-430c-a228-a52cc434a253,tesco,Tesco bell pepper,https://www.tesco.com/groceries/en-GB/products/296057883,,https://www.tesco.com/groceries/en-GB/products/296057883,
9b0073fe-ba95-44da-8b55-e85e8a34e502,tesco,Tesco black pepper 100ml,https://www.tesco.com/groceries/en-GB/products/325335382,,https://www.tesco.com/groceries/en-GB/products/325335382,
63f05ae2-3294-45d7-8014-fca6352d801e,tesco,Tesco bread,https://www.tesco.com/groceries/en-GB/products/321548190,,https://www.tesco.com/groceries/en-GB/products/321548190,
30db34db-b67f-4777-80de-d8fa457e67dd,tesco,Tesco broccoli 200g,https://www.tesco.com/groceries/en-GB/products/305255289,,https://www.tesco.com/groceries/en-GB/products/305255289,
6582273e-72a6-4851-bafe-5e1c69ce28ff,tesco,Tesco butter 100g,https://www.tesco.com/groceries/en-GB/products/312207953,,https://www.tesco.com/groceries/en-GB/products/312207953,
37a52eeb-9062-4b05-9ef1-0685f75a8c62,tesco,Tesco Cherry Tomatoes 250g,https://www.tesco.com/groceries/en-GB/products/259944874,,https://www.tesco.com/groceries/en-GB/products/259944874,
4d22c75f-d0ed-4958-98f6-09ea9fe69cf3,tesco,Tesco Chicken Breast Fillets 600g,https://www.tesco.com/groceries/en-GB/products/294007923,,https://www.tesco.com/groceries/en-GB/products/294007923,
3c76ca76-0d8f-45d9-8be7-dfac779fba25,tesco,Tesco Chickpeas 400g,https://www.tesco.com/groceries/en-GB/products/262490576,,https://www.tesco.com/groceries/en-GB/products/262490576,
37be6375-f8d7-4122-b472-97cd299634a6,tesco,Tesco Coconut Milk 400ml,https://www.tesco.com/groceries/en-GB/products/289660927,,https://www.tesco.com/groceries/en-GB/products/289660927,
85995a67-aae7-458c-8182-d137031c2afb,tesco,Tesco cream 100g,https://www.tesco.com/groceries/en-GB/products/322258053,,https://www.tesco.com/groceries/en-GB/products/322258053,
b2d455c2-2b4d-4f7f-932c-567c619fb031,tesco,Tesco Cucumber,https://www.tesco.com/groceries/en-GB/products/253558972,,https://www.tesco.com/groceries/en-GB/products/253558972,
6c6f4ead-c80e-4e7f-bfe7-ed7b96a9da75,tesco,Tesco cumin 100ml,https://www.tesco.com/groceries/en-GB/products/316928796,,https://www.tesco.com/groceries/en-GB/products/316928796,
2701f72d-b4d7-42aa-a704-889d5d51812a,tesco,Tesco curry paste 15ml,https://www.tesco.com/groceries/en-GB/products/257302946,,https://www.tesco.com/groceries/en-GB/products/257302946,
e1b433b4-588c-474e-a0d0-d9e0a6ae4b5e,tesco,Tesco fish sauce 100ml,https://www.tesco.com/groceries/en-GB/products/272666227,,https://www.tesco.com/groceries/en-GB/products/272666227,
93773fdc-7fa9-46de-b255-2a51600ee395,tesco,Tesco Free Range Eggs 12 pack,https://www.tesco.com/groceries/en-GB/products/260298456,,https://www.tesco.com/groceries/en-GB/products/260298456,
63d56212-a71f-495a-9eaf-16ff8775ec59,tesco,Tesco garam masala 100ml,https://www.tesco.com/groceries/en-GB/products/314848029,,https://www.tesco.com/groceries/en-GB/products/314848029,
7b469965-cebb-40d9-86aa-1b4776907526,tesco,Tesco garlic,https://www.tesco.com/groceries/en-GB/products/322531294,,https://www.tesco.com/groceries/en-GB/products/322531294,
553a125d-28d1-4b19-811e-1c36ea520e1d,tesco,Tesco ginger 100g,https://www.tesco.com/groceries/en-GB/products/314931777,,https://www.tesco.com/groceries/en-GB/products/314931777,
fb32f3d1-0228-4fb7-a2d1-a548c8591595,tesco,Tesco honey 100ml,https://www.tesco.com/groceries/en-GB/products/325413714,,https://www.tesco.com/groceries/en-GB/products/325413714,
5c1b663a-b5bc-4531-82f5-a783675014a3,tesco,Tesco Lemons 4 pack,https://www.tesco.com/groceries/en-GB/products/257875814,,https://www.tesco.com/groceries/en-GB/products/257875814,
e8fb576b-b292-4a54-91a7-2b4cd5cb926b,tesco,Tesco lime,https://www.tesco.com/groceries/en-GB/products/312718642,,https://www.tesco.com/groceries/en-GB/products/312718642,
cf64a4d4-c91e-4fa9-b5f4-02502f2946c4,tesco,Tesco Long Grain Rice 1kg,https://www.tesco.com/groceries/en-GB/products/254877356,,https://www.tesco.com/groceries/en-GB/products/254877356,
ac5bf2c5-a011-4524-8146-5ddc0750856c,tesco,Tesco mushrooms 100g,https://www.tesco.com/groceries/en-GB/products/303579905,,https://www.tesco.com/groceries/en-GB/products/303579905,
db9e66aa-cbba-47fa-8e26-c3cffdb04613,tesco,Tesco noodles 300g,https://www.tesco.com/groceries/en-GB/products/290981391,,https://www.tesco.com/groceries/en-GB/products/290981391,
29eeb309-13dd-435d-a790-0d6cd435aadb,tesco,Tesco Olive Oil 500ml,https://www.tesco.com/groceries/en-GB/products/254918418,,https://www.tesco.com/groceries/en-GB/products/254918418,
0f1f3687-10c7-4034-a9a4-72b6a14bc8ca,tesco,Tesco pancetta 200g,https://www.tesco.com/groceries/en-GB/products/275117919,,https://www.tesco.com/groceries/en-GB/products/275117919,
d1458285-597f-49a9-ba85-9eed2d1547cc,tesco,Tesco paprika 100ml,https://www.tesco.com/groceries/en-GB/products/317058061,,https://www.tesco.com/groceries/en-GB/products/317058061,
3929f303-ff22-4d1b-b20d-220de026b7b2,tesco,Tesco parmesan 200g,https://www.tesco.com/groceries/en-GB/products/314695157,,https://www.tesco.com/groceries/en-GB/products/314695157,
bec501f7-2ef5-4bfa-8abf-5d43c9a13cea,tesco,Tesco parsley 100g,https://www.tesco.com/groceries/en-GB/products/257482311,,https://www.tesco.com/groceries/en-GB/products/257482311,
8298ffbc-b1b8-453f-bc97-f056aa3cd6de,tesco,Tesco Red Onions 1kg,https://www.tesco.com/groceries/en-GB/products/262645072,,https://www.tesco.com/groceries/en-GB/products/262645072,
93148c3c-6f3c-485a-a6a7-f31a34fa3d29,tesco,Tesco salmon 100g,https://www.tesco.com/groceries/en-GB/products/314583520,,https://www.tesco.com/groceries/en-GB/products/314583520,
01a46ba7-bc9d-47a6-9476-14e0aade0c1f,tesco,Tesco soy sauce 15ml,https://www.tesco.com/groceries/en-GB/products/294781229,,https://www.tesco.com/groceries/en-GB/products/294781229,
3bf3573b-ffbc-4713-ac52-f3a1661091f9,tesco,Tesco Spaghetti 500g,https://www.tesco.com/groceries/en-GB/products/255340327,,https://www.tesco.com/groceries/en-GB/products/255340327,
a3cfe193-3ae9-4eee-b9b7-1c38688661e8,tesco,Tesco spinach 100g,https://www.tesco.com/groceries/en-GB/products/297661822,,https://www.tesco.com/groceries/en-GB/products/297661822,
14d496a6-f4bc-4058-9eeb-8b6f620e9cad,tesco,Tesco spring onion,https://www.tesco.com/groceries/en-GB/products/281035500,,https://www.tesco.com/groceries/en-GB/products/281035500,
07b8ab70-134f-42b6-8dc6-cf00e5a9e47d,tesco,Tesco stock 100ml,https://www.tesco.com/groceries/en-GB/products/304380585,,https://www.tesco.com/groceries/en-GB/products/304380585,
c15b9b06-f573-4c97-8fec-356c4a051fce,tesco,Tesco tomatoes 100g,https://www.tesco.com/groceries/en-GB/products/311216189,,https://www.tesco.com/groceries/en-GB/products/311216189,
3162e1b9-ff2e-4913-815b-fe7d3c0ce1c7,tesco,Tesco tortilla,https://www.tesco.com/groceries/en-GB/products/303350352,,https://www.tesco.com/groceries/en-GB/products/303350352,
86ee766f-d2c6-4ccf-8568-182826aabdc4,tesco,Tesco wine 100ml,https://www.tesco.com/groceries/en-GB/products/292669430,,https://www.tesco.com/groceries/en-GB/products/292669430,
3c51a1d9-fad5-4b67-90df-f6a0b56e6d61,waitrose,Waitrose basil 20g,https://www.waitrose.com/ecom/products/cooks-ingredients-thai-basil/367696-197812-197813?srsltid=AfmBOopqd9nojc7Q31z2L65-dwt87OMZ5tORFy29sGyeqi2IrQ1Q7h4W,,https://www.waitrose.com/ecom/products/cooks-ingredients-thai-basil/367696-197812-197813?srsltid=AfmBOopqd9nojc7Q31z2L65-dwt87OMZ5tORFy29sGyeqi2IrQ1Q7h4W,
d2f3b9bf-5972-44e0-b5a8-fa0902eecb66,waitrose,Waitrose beef 500g,https://www.waitrose.com/ecom/products/essential-waitrose-10-fat-beef-mince/437350-203230-203231?srsltid=AfmBOops6hBMtpIeSXdnuF0RkSVsVeUfEfiHYaI91GzECqd-tjEGx4Q-,,https://www.waitrose.com/ecom/products/essential-waitrose-10-fat-beef-mince/437350-203230-203231?srsltid=AfmBOops6hBMtpIeSXdnuF0RkSVsVeUfEfiHYaI91GzECqd-tjEGx4Q-,
3eec3164-1b7e-4f0c-a253-f663df1073c3,waitrose,Waitrose bell pepper,https://www.waitrose.com/ecom/products/duchy-organic-peppers/085558-43652-43653?srsltid=AfmBOorQ1StiMBUbcyk5I1baqMSGKD7pn9VSg8EX4C0XPkUuYNYttCA8,,https://www.waitrose.com/ecom/products/duchy-organic-peppers/085558-43652-43653?srsltid=AfmBOorQ1StiMBUbcyk5I1baqMSGKD7pn9VSg8EX4C0XPkUuYNYttCA8,
491ff695-281a-411c-9ffb-f525f6bd5ac5,waitrose,Waitrose black pepper 100ml,https://www.waitrose.com/ecom/products/willys-organic-live-apple-cider-vinegar-with-turmeric-eureka-lemon/891196-758836-758837?srsltid=AfmBOopA4tlA7gR1Ho7Zwr1z2D4eviWL6i0VO3Vtvt3wUVz2wlUQCIaL,,https://www.waitrose.com/ecom/products/willys-organic-live-apple-cider-vinegar-with-turmeric-eureka-lemon/891196-758836-758837?srsltid=AfmBOopA4tlA7gR1Ho7Zwr1z2D4eviWL6i0VO3Vtvt3wUVz2wlUQCIaL,
4bfcbe35-a86d-478f-8aac-8a363a582f33,waitrose,Waitrose bread,https://www.waitrose.com/ecom/products/waitrose-super-soft-white-medium-sliced-bread/075319-38210-38211?srsltid=AfmBOophnFfC3ax6eXoPpnrd5BJZQmFZDm4cZxReCu71SNj9LfQvTak_,,https://www.waitrose.com/ecom/products/waitrose-super-soft-white-medium-sliced-bread/075319-38210-38211?srsltid=AfmBOophnFfC3ax6eXoPpnrd5BJZQmFZDm4cZxReCu71SNj9LfQvTak_,
478e8eda-a311-49bc-bf63-d396d64ae3d0,waitrose,Waitrose broccoli 200g,https://www.waitrose.com/ecom/products/tenderstem-broccoli-spears/047836-23680-23681?srsltid=AfmBOooBdRGXdMGX75qOGaHIaxptNCMU85z0rPAB6QVjhJ9NhnU7IyOe,,https://www.waitrose.com/ecom/products/tenderstem-broccoli-spears/047836-23680-23681?srsltid=AfmBOooBdRGXdMGX75qOGaHIaxptNCMU85z0rPAB6QVjhJ9NhnU7IyOe,
38c8265b-d91e-43c8-88ba-78ba6aa0c6e1,waitrose,Waitrose butter 100g,https://www.waitrose.com/ecom/products/kerrygold-pure-irish-butter-stick/408588-834401-834402?srsltid=AfmBOorkvGw7euTdP4XZUO2A0nGlIbqBeD1gaQrrWL57ShwCKGsQZC2B,,https://www.waitrose.com/ecom/products/kerrygold-pure-irish-butter-stick/408588-834401-834402?srsltid=AfmBOorkvGw7euTdP4XZUO2A0nGlIbqBeD1gaQrrWL57ShwCKGsQZC2B,
f1cf3893-0864-41de-ae6e-696214b67bcd,waitrose,Waitrose Cathedral City Mature Cheddar Cheese 350 G,https://www.waitrose.com/ecom/products/cathedral-city-mature-cheddar-cheese/040136-19857-19858?srsltid=AfmBOoqpMv5oTe93sJqrDoGBkiWhMM6imjAoH8S9KD1WgGYf7ui7pPB5,,https://www.waitrose.com/ecom/products/cathedral-city-mature-cheddar-cheese/040136-19857-19858?srsltid=AfmBOoqpMv5oTe93sJqrDoGBkiWhMM6imjAoH8S9KD1WgGYf7ui7pPB5,
54669d58-1445-47e8-b184-f66e74a7741e,waitrose,Waitrose Cherry Tomatoes 250g,https://www.waitrose.com/ecom/products/essential-cherry-tomatoes/086516-44200-44201?srsltid=AfmBOooEhgDVOIwNSCiU6Oy1eECmkjgvIhUqoHliHbeiJnZwjvhQvIkA,,https://www.waitrose.com/ecom/products/essential-cherry-tomatoes/086516-44200-44201?srsltid=AfmBOooEhgDVOIwNSCiU6Oy1eECmkjgvIhUqoHliHbeiJnZwjvhQvIkA,
ac7787d8-6257-42fb-8141-1bd122c24fea,waitrose,Waitrose Chicken Breast Fillets 600g,https://www.waitrose.com/ecom/products/waitrose-slower-reared-chicken-breast-fillets/486988-707752-707753?srsltid=AfmBOoqe8ja4ryvwg_nEXoI6MB3goi6-b407rGAR2yAFZdfsnxGEbEok,,https://www.waitrose.com/ecom/products/waitrose-slower-reared-chicken-breast-fillets/486988-707752-707753?srsltid=AfmBOoqe8ja4ryvwg_nEXoI6MB3goi6-b407rGAR2yAFZdfsnxGEbEok,
93337ae7-f698-4aa3-9c9e-8f1d3f59ebcf,waitrose,Waitrose Chickpeas 400g,https://www.waitrose.com/ecom/products/essential-chickpeas-in-water/421437-805739-805740?srsltid=AfmBOopmJMck-FiS_SCs2hawxEoWsrd7IxlJeUZ-LVY2PU6e5ybaGcfL,,https://www.waitrose.com/ecom/products/essential-chickpeas-in-water/421437-805739-805740?srsltid=AfmBOopmJMck-FiS_SCs2hawxEoWsrd7IxlJeUZ-LVY2PU6e5ybaGcfL,
5d976522-cbd2-4781-a5bd-280280968c2e,waitrose,Waitrose Coconut Milk 400ml,https://www.waitrose.com/ecom/products/kingfisher-oriental-coconut-milk/803644-752809-752810?srsltid=AfmBOorzigiA_ySFBMH6Rdr33aa6ySvjeNvEIHmpyfbjqvtzyQM3_pAy,,https://www.waitrose.com/ecom/products/kingfisher-oriental-coconut-milk/803644-752809-752810?srsltid=AfmBOorzigiA_ySFBMH6Rdr33aa6ySvjeNvEIHmpyfbjqvtzyQM3_pAy,
1e9d6185-e000-498c-bbbb-2ca40c65b3f7,waitrose,Waitrose cream 100g,https://www.waitrose.com/ecom/products/flora-double-cream-alternative/396586-827627-827628?srsltid=AfmBOoozK29tVeDxhZBux22QIWeDFUf-TQaXNR_p5ZMXpUNeyVitPCSN,,https://www.waitrose.com/ecom/products/flora-double-cream-alternative/396586-827627-827628?srsltid=AfmBOoozK29tVeDxhZBux22QIWeDFUf-TQaXNR_p5ZMXpUNeyVitPCSN,
9fb1623b-67fb-4422-955c-dbb620e3f4d0,waitrose,Waitrose Cucumber,https://www.waitrose.com/ecom/products/essential-large-cucumber/086469-44160-44161?srsltid=AfmBOop17hQW-UcK92JcyLkVuYBb9_xf9_5G7RVed5DizPAAt57VgXfV,,https://www.waitrose.com/ecom/products/essential-large-cucumber/086469-44160-44161?srsltid=AfmBOop17hQW-UcK92JcyLkVuYBb9_xf9_5G7RVed5DizPAAt57VgXfV,
6d27f6a6-ccf9-443b-9a56-6d0b55a99d27,waitrose,Waitrose cumin 100ml,https://www.waitrose.com/ecom/products/waitrose-mango-chutney/060384-30540-30541?srsltid=AfmBOooZupSviTFDZOJnhZgsNeTOCmDMPUvNk2tp1dOajC9DVC5viQh8,,https://www.waitrose.com/ecom/products/waitrose-mango-chutney/060384-30540-30541?srsltid=AfmBOooZupSviTFDZOJnhZgsNeTOCmDMPUvNk2tp1dOajC9DVC5viQh8,
d87ae4cb-3ed0-4792-9f80-50cfcf7fdea1,waitrose,Waitrose curry paste 15ml,https://www.waitrose.com/ecom/products/waitrose-squeezy-burger-mayonnaise/551092-826746-826747?srsltid=AfmBOoqftzWAamuEFHSdwrBUdoVLEb-zFKL-xzeNmgqgD5AZyZb8i5O6,,https://www.waitrose.com/ecom/products/waitrose-squeezy-burger-mayonnaise/551092-826746-826747?srsltid=AfmBOoqftzWAamuEFHSdwrBUdoVLEb-zFKL-xzeNmgqgD5AZyZb8i5O6,
7fe17d66-5cab-477d-b843-ece383e3e417,waitrose,Waitrose fish sauce 100ml,https://www.waitrose.com/ecom/products/cooks-ingredients-nam-pla-fish-sauce/419876-59072-59073?srsltid=AfmBOoqSXnyKKjuuJesKCwQKC27PWR1ZOyIfqjsU5BICZbufAYjtKqAG,,https://www.waitrose.com/ecom/products/cooks-ingredients-nam-pla-fish-sauce/419876-59072-59073?srsltid=AfmBOoqSXnyKKjuuJesKCwQKC27PWR1ZOyIfqjsU5BICZbufAYjtKqAG,
1dc8c510-eb20-40d1-be21-f4fab20708a6,waitrose,Waitrose Free Range Eggs 12 pack,https://www.waitrose.com/ecom/products/waitrose-large-british-blacktail-free-range-eggs/085847-43794-43795?srsltid=AfmBOoo3Hz-fzwAg2A6JXDmCVOnetSDHdJREpsH25gJ4NKpAV7DsVMFN,,https://www.waitrose.com/ecom/products/waitrose-large-british-blacktail-free-range-eggs/085847-43794-43795?srsltid=AfmBOoo3Hz-fzwAg2A6JXDmCVOnetSDHdJREpsH25gJ4NKpAV7DsVMFN,
3161a50d-f47e-42d8-a249-64da9c6f5ab6,waitrose,Waitrose garam masala 100ml,http://www.waitrose.com/ecom/products/cooks-ingredients-garam-masala/884579-785290-785291,,http://www.waitrose.com/ecom/products/cooks-ingredients-garam-masala/884579-785290-785291,
ed99ad9e-fc17-43dd-abc2-0fb89db8f28c,waitrose,Waitrose garlic,https://www.waitrose.com/ecom/products/duchy-organic-garlic/085305-43382-43383?srsltid=AfmBOopUHYk7qHKVNGDVZOv0osyt-LbpYCHyuUDGgPB_IPfI_n06WM8p,,https://www.waitrose.com/ecom/products/duchy-organic-garlic/085305-43382-43383?srsltid=AfmBOopUHYk7qHKVNGDVZOv0osyt-LbpYCHyuUDGgPB_IPfI_n06WM8p,
f3d4cdd8-cb96-4fdb-915a-1826f2fe5f60,waitrose,Waitrose ginger 100g,https://www.waitrose.com/ecom/products/cooks-ingredients-fresh-ginger/073238-37156-37157?srsltid=AfmBOopqCWZBjCpifAhbUGmpsjZ_8O4O4GoZyrcZbepH0by5_bLQbo1G,,https://www.waitrose.com/ecom/products/cooks-ingredients-fresh-ginger/073238-37156-37157?srsltid=AfmBOopqCWZBjCpifAhbUGmpsjZ_8O4O4GoZyrcZbepH0by5_bLQbo1G,
92143c1b-8732-4f57-b960-c0a26a18c3aa,waitrose,Waitrose honey 100ml,https://www.waitrose.com/ecom/products/waitrose-fresh-honey-mustard-dressing/572880-420233-420234?srsltid=AfmBOoq22-hj87rOxr7hd_UonpnwZkNKLgYMHjy6rtsm0VSIRhvUj3UT,,https://www.waitrose.com/ecom/products/waitrose-fresh-honey-mustard-dressing/572880-420233-420234?srsltid=AfmBOoq22-hj87rOxr7hd_UonpnwZkNKLgYMHjy6rtsm0VSIRhvUj3UT,
f40d112f-5884-498b-a05c-a7b0b478a82c,waitrose,Waitrose Lemons 4 pack,https://www.waitrose.com/ecom/products/essential-lemons/088413-45363-45364?srsltid=AfmBOop68_NNE9iqETWxFTZ7RTPkYTKgT-QheMe-I7Pjf5cbfddOPlHw,,https://www.waitrose.com/ecom/products/essential-lemons/088413-45363-45364?srsltid=AfmBOop68_NNE9iqETWxFTZ7RTPkYTKgT-QheMe-I7Pjf5cbfddOPlHw,
4dfe69ab-ae42-44bd-ab0a-d971c9952a73,waitrose,Waitrose lime,https://www.waitrose.com/ecom/products/cooks-ingredients-lime-juice/496746-801116-801117?srsltid=AfmBOoqTHndNwVzzVAbGvy_UlwBixMgL6oc0yLdpdDdBUG3DPn9nr54r,,https://www.waitrose.com/ecom/products/cooks-ingredients-lime-juice/496746-801116-801117?srsltid=AfmBOoqTHndNwVzzVAbGvy_UlwBixMgL6oc0yLdpdDdBUG3DPn9nr54r,
36361b91-765a-41a6-9676-07aec23e38b1,waitrose,Waitrose Long Grain Rice 1kg,https://www.waitrose.com/ecom/products/bens-original-long-grain-rice/017121-8257-8258?srsltid=AfmBOopQsRCBP9WqnkAFTgsP7j0wORrxwy7oogxX-Qd-p1CGkkK7Wqly,,https://www.waitrose.com/ecom/products/bens-original-long-grain-rice/017121-8257-8258?srsltid=AfmBOopQsRCBP9WqnkAFTgsP7j0wORrxwy7oogxX-Qd-p1CGkkK7Wqly,
1611ff40-a489-4487-ad43-4a8b04240304,waitrose,Waitrose mushrooms 100g,https://www.waitrose.com/ecom/products/natoora-mixed-wild-mushrooms/424860-679327-679328?srsltid=AfmBOori2uzpdTvFCjSL8lehGBZMRnCu-nZGZchOJweNoPAKBl3xFCuk,,https://www.waitrose.com/ecom/products/natoora-mixed-wild-mushrooms/424860-679327-679328?srsltid=AfmBOori2uzpdTvFCjSL8lehGBZMRnCu-nZGZchOJweNoPAKBl3xFCuk,
1c8fa899-542c-4fbc-829c-fabffc2938cd,waitrose,Waitrose noodles 300g,https://www.waitrose.com/ecom/products/waitrose-singapore-rice-noodles/365198-51362-51363?srsltid=AfmBOooeX3ALhhjizevVA5RVp-vvHL9_bMHKUX0jaW8f2bxpcOzWN6XE,,https://www.waitrose.com/ecom/products/waitrose-singapore-rice-noodles/365198-51362-51363?srsltid=AfmBOooeX3ALhhjizevVA5RVp-vvHL9_bMHKUX0jaW8f2bxpcOzWN6XE,
17957b8d-e166-4b37-8959-91d8b06ca5a0,waitrose,Waitrose Olive Oil 500ml,https://www.waitrose.com/ecom/products/filippo-berio-extra-virgin-olive-oil/034182-17121-17122?srsltid=AfmBOoprOrj6hANN8iCe6QE5OjmI9SdGI4pdv7EbJdN-YiSyE8clcpHZ,,https://www.waitrose.com/ecom/products/filippo-berio-extra-virgin-olive-oil/034182-17121-17122?srsltid=AfmBOoprOrj6hANN8iCe6QE5OjmI9SdGI4pdv7EbJdN-YiSyE8clcpHZ,
0066bb7c-dcb3-4074-89d5-e99c703f81ce,waitrose,Waitrose pancetta 200g,https://www.waitrose.com/ecom/products/heinz-carbonara/272864-836425-836426?srsltid=AfmBOopRdWLrQidM74n40OiKTqCna7c1PZdPe_UlonArU1kVzTeMnm51,,https://www.waitrose.com/ecom/products/heinz-carbonara/272864-836425-836426?srsltid=AfmBOopRdWLrQidM74n40OiKTqCna7c1PZdPe_UlonArU1kVzTeMnm51,
f7705b64-bf10-4511-9492-d03f55c4887b,waitrose,Waitrose paprika 100ml,https://www.waitrose.com/ecom/products/franks-redhot-buffalo-wings-sauce/495484-426887-426888?srsltid=AfmBOorAsWvZ39bCUSHwNMUbgrQDM7sRsuCX6UGQ6BZT8E49Rr6sCrA2,,https://www.waitrose.com/ecom/products/franks-redhot-buffalo-wings-sauce/495484-426887-426888?srsltid=AfmBOorAsWvZ39bCUSHwNMUbgrQDM7sRsuCX6UGQ6BZT8E49Rr6sCrA2,
491e6af3-88b4-41b3-95fd-de54d60a548d,waitrose,Waitrose parmesan 200g,https://www.waitrose.com/ecom/products/no1-30-months-italian-parmigiano-reggiano-dop-cheese-strength-6/428911-636273-636274?srsltid=AfmBOorl_fVrhyqXAy8sqPii2maB1i5cm7v2ImZz89rhurvupZ_waFz_,,https://www.waitrose.com/ecom/products/no1-30-months-italian-parmigiano-reggiano-dop-cheese-strength-6/428911-636273-636274?srsltid=AfmBOorl_fVrhyqXAy8sqPii2maB1i5cm7v2ImZz89rhurvupZ_waFz_,
ec2860ef-5b01-49af-b588-e163aae84438,waitrose,Waitrose parsley 100g,https://www.waitrose.com/ecom/products/cooks-ingredients-flat-leaf-parsley/045953-22629-22630?srsltid=AfmBOooiIp4loZ4cJZ61TdcQIBoysNs6vPi1e_bDWSMG-XQlpgj5Y02u,,https://www.waitrose.com/ecom/products/cooks-ingredients-flat-leaf-parsley/045953-22629-22630?srsltid=AfmBOooiIp4loZ4cJZ61TdcQIBoysNs6vPi1e_bDWSMG-XQlpgj5Y02u,
b2c50b9d-80aa-471f-9df2-af08c7108e9e,waitrose,Waitrose Red Onions 1kg,https://www.waitrose.com/ecom/products/essential-red-onions/085111-43197-43198?srsltid=AfmBOooqQr4kiUi5T8LKbPY4IKxm6wrVeM0QBf6xX0IM5y9tCDf-_bxK,,https://www.waitrose.com/ecom/products/essential-red-onions/085111-43197-43198?srsltid=AfmBOooqQr4kiUi5T8LKbPY4IKxm6wrVeM0QBf6xX0IM5y9tCDf-_bxK,
93edf867-fb71-45b6-a01b-f15ee056e64e,waitrose,Waitrose salmon 100g,https://www.waitrose.com/ecom/products/waitrose-mild-scottish-smoked-salmon/451045-63564-63565?srsltid=AfmBOopd3lo1twAYyNF_Bd7RbLvMevJRyL83Kf9iJkZQimLD_8clNn0z,,https://www.waitrose.com/ecom/products/waitrose-mild-scottish-smoked-salmon/451045-63564-63565?srsltid=AfmBOopd3lo1twAYyNF_Bd7RbLvMevJRyL83Kf9iJkZQimLD_8clNn0z,
bbf2a756-0352-4685-9750-46eb8bd7d49b,waitrose,Waitrose soy sauce 15ml,https://www.waitrose.com/ecom/products/waitrose-light-soy-sauce/421856-784712-784713?srsltid=AfmBOoriE0XxajpccQfxVusPDYmKFIHT_JVIPmJm-vgXpE3Bk8VgUPPW,,https://www.waitrose.com/ecom/products/waitrose-light-soy-sauce/421856-784712-784713?srsltid=AfmBOoriE0XxajpccQfxVusPDYmKFIHT_JVIPmJm-vgXpE3Bk8VgUPPW,
7f40c166-674e-4db3-a318-3e023d07e9dc,waitrose,Waitrose Spaghetti 500g,https://www.waitrose.com/ecom/products/waitrose-spaghetti/841083-728062-728063?srsltid=AfmBOoq45eZAW3W3zy4lpQR4BfMRoJSoR1YCy2frqg_Y2IycH2sLt0nR,,https://www.waitrose.com/ecom/products/waitrose-spaghetti/841083-728062-728063?srsltid=AfmBOoq45eZAW3W3zy4lpQR4BfMRoJSoR1YCy2frqg_Y2IycH2sLt0nR,
fc12693b-6d3c-4ced-8782-7a88e29d5fff,waitrose,Waitrose spinach 100g,https://www.waitrose.com/ecom/products/essential-spinach/085235-43313-43314?srsltid=AfmBOorYWPKeyJZOyy1XQqMKxzZ22WcjLPYqXKyyUpgF3gqkkxpYreIP,,https://www.waitrose.com/ecom/products/essential-spinach/085235-43313-43314?srsltid=AfmBOorYWPKeyJZOyy1XQqMKxzZ22WcjLPYqXKyyUpgF3gqkkxpYreIP,
c3de4697-b841-454d-bbaf-79c796fceada,waitrose,Waitrose spring onion,https://www.waitrose.com/ecom/products/waitrose-continental-salad-onions/086477-44166-44167?srsltid=AfmBOooRpx2erYCRcxHLqYOPAuwh4uL_JSKrWwtkvjTV4Tr7M5IP6d90,,https://www.waitrose.com/ecom/products/waitrose-continental-salad-onions/086477-44166-44167?srsltid=AfmBOooRpx2erYCRcxHLqYOPAuwh4uL_JSKrWwtkvjTV4Tr7M5IP6d90,
3c0624b7-54ac-4eda-a36f-0181b1f742df,waitrose,Waitrose stock 100ml,https://www.waitrose.com/ecom/products/knorr-gluten-free-lamb-stock-cubes/007806-3689-3690?srsltid=AfmBOorfbmcm3vAThT0tpa3RsvsOAgLGXFc4BiQ1RtcExh6CmM03jG-3,,https://www.waitrose.com/ecom/products/knorr-gluten-free-lamb-stock-cubes/007806-3689-3690?srsltid=AfmBOorfbmcm3vAThT0tpa3RsvsOAgLGXFc4BiQ1RtcExh6CmM03jG-3,
e1b58b75-09a2-4cf8-b1f0-9302d6652ba9,waitrose,Waitrose tomatoes 100g,https://www.waitrose.com/ecom/products/waitrose-large-vine-tomatoes/878500-668796-668797?srsltid=AfmBOopkGtKrpL1-f5WczIDtH-nZ_WaqdkEQq_ePbHjZ-e0uKyw-gjwF,,https://www.waitrose.com/ecom/products/waitrose-large-vine-tomatoes/878500-668796-668797?srsltid=AfmBOopkGtKrpL1-f5WczIDtH-nZ_WaqdkEQq_ePbHjZ-e0uKyw-gjwF,
be3d3fb9-a4e1-4cf7-bea6-8cf1ae886af6,waitrose,Waitrose tortilla,https://www.waitrose.com/ecom/products/old-el-paso-8-super-soft-flour-tortillas/749634-727593-727594?srsltid=AfmBOoq4m874xTvuanGXjaSvNyjkzqgkaLI8WvRV1F6qaBfUq6oNZCt_,,https://www.waitrose.com/ecom/products/old-el-paso-8-super-soft-flour-tortillas/749634-727593-727594?srsltid=AfmBOoq4m874xTvuanGXjaSvNyjkzqgkaLI8WvRV1F6qaBfUq6oNZCt_,
9d54ace7-c315-4c0e-be48-94064c2e9405,waitrose,Waitrose wine 100ml,https://www.waitrose.com/ecom/products/waitrose-chilean-dry-white-vibrant-and-grassy/563275-241138-241139?srsltid=AfmBOor6Og3zlt5bdgzQe0QwhgCYu7xxlZAAmpx5aUWrw7gRubHVr7Rl,,https://www.waitrose.com/ecom/products/waitrose-chilean-dry-white-vibrant-and-grassy/563275-241138-241139?srsltid=AfmBOor6Og3zlt5bdgzQe0QwhgCYu7xxlZAAmpx5aUWrw7gRubHVr7Rl,
